Workbook

Sheet README
A1: K8s Network Path Mapping — Infrastructure, Data & Token Cost Calculator (On-Prem / Mimir edition)
A3: CHANGES FROM THE GENERIC CLOUD VERSION
A4: - Environment is on-prem (not public cloud on-demand pricing).
A5: - This model is scoped to ONE cluster (10 nodes, 5 services, 40 pods) for now, per your instruction.
A6: Your full environment is 10 clusters — the Summary tab shows an extrapolated 10-cluster reference total.
A7: - Telemetry pipeline is Prometheus (per-cluster) remote-writing to a centralized Grafana Mimir store.
A8: - Network path mapping uses Bayla + Carey's (your in-house/selected tools) rather than a generic eBPF/SaaS tool.
A9: - Topology is refreshed continuously — as often as every 1 minute — via the graph/algorithmic model built on
A10: Bayla + Carey's + Mimir data. This refresh is NOT run through Claude (that would be needlessly expensive
A11: at 1,440 runs/day). Its cost shows up as ongoing infra/compute + Mimir ingestion & storage.
A12: - Claude is modeled as a separate, lower-frequency REFERENCE/ANNOTATION layer on top of the graph model
A13: (e.g., hourly) — producing human-readable path summaries, anomaly explanations, or documentation, not the
... A41: - DR/multi-site duplication (egress is set to $0 since you're single cluster, single region for now)

Sheet Summary
B1: COST SUMMARY — single cluster (10 nodes / 5 services / 40 pods)
B3: Cost bucket | C3: Monthly $ | D3: Annual $
B4: Infrastructure (compute + tooling + graph engine) | C4: ='Infra Costs'!C10 -> 1695 | D4: =C4*12 -> 20340
B5: Data throughput (Mimir ingest/storage/egress) | C5: ='Data Throughput Costs'!C11 -> 45 | D5: =C5*12 -> 540
B6: Claude reference-layer token usage | C6: ='LLM Token Costs'!C27 -> 103.68 | D6: =C6*12 -> 1244.16
B8: TOTAL (1 cluster, as modeled) | C8: =SUM(C4:C6) -> 1843.68 | D8: =SUM(D4:D6) -> 22124.16
B10: REFERENCE: extrapolated to full 10-cluster environment
B11: Estimated total if scaled × total clusters | C11: =C8*Inputs!C6/Inputs!C5 -> 18436.8 | D11: =C11*12 -> 221241.6
B12: Naive linear scaling — real 10-cluster cost will likely be lower per-cluster due to shared Mimir/graph-engine overhead and volume pricing.
B14: Cost per pod mapped (monthly infra+data / pods per cluster) | C14: =(C4+C5)/Inputs!C9 -> 43.5
B15: Claude cost per reference run | C15: =C6/(Inputs!C33*30) -> 0.144
B17: Reminder: directional model with placeholder rates — see README + yellow cells on Inputs.

Sheet Inputs
B1: INPUTS — edit the yellow cells with your real numbers
B3: 1. ENVIRONMENT SCALE (on-prem)
B4: Infrastructure type | C4: On-Prem | D4: On-Prem / AWS / GCP / Azure / hybrid
B5: Clusters included in THIS estimate | C5: 1 | D5: clusters
B6: Total clusters in full environment (reference only) | C6: 10 | D6: clusters
B7: Nodes per cluster | C7: 10 | D7: nodes/cluster
B8: Services per cluster | C8: 5 | D8: services/cluster
B9: Pods per cluster (total workload instances) | C9: 40 | D9: pods/cluster
B10: On-prem cost per node (amortized) | C10: 0.15 | D10: $/hour equivalent
B11: Self-managed control-plane / distro license fee | C11: 0 | D11: $/hour/cluster
B13: 2. OBSERVABILITY / NETWORK MAPPING TOOLING
B14: Telemetry pipeline | C14: Prometheus -> Mimir (centralized) | D14: per-cluster Prometheus remote-write to central Mimir
B15: Network path mapping tool(s) | C15: Bayla + Carey's | D15: your topology/path-mapping tooling
B16: Flat monthly license — Bayla/Carey's + add-ons | C16: 0 | D16: $/month
B17: Per-host Prometheus/exporter agent cost | C17: 0 | D17: $/host/month
B18: Topology graph engine compute (Bayla/Carey's build + Mimir query load) | C18: 600 | D18: $/month
B20: 3. MIMIR DATA VOLUME & RETENTION (on-prem, single cluster / single region)
B21: Metrics/telemetry volume ingested to Mimir | C21: 50 | D21: GB/day
B22: Mimir ingestion cost | C22: 0 | D22: $/GB ingested
B23: On-prem storage cost (local SSD/Ceph/object store) | C23: 0.03 | D23: $/GB-month
B24: Retention period | C24: 30 | D24: days
B25: Cross-AZ/region egress volume | C25: 0 | D25: GB/day
B26: Egress cost | C26: 0 | D26: $/GB
B28: 4a. TOPOLOGY GRAPH MODEL — frequent, algorithmic (Bayla/Carey's + Mimir)
B29: Topology refresh interval | C29: 1 | D29: minutes
B30: Refreshes per day (reference) | C30: =1440/C29 -> 1440 | D30: refreshes/day
B32: 4b. CLAUDE REFERENCE / ANNOTATION LAYER — lower frequency, on top of the graph model
B33: Claude reference-layer runs per day | C33: 24 | D33: runs/day
B34: Pods analyzed per run (reference) | C34: =C9 -> 40 | D34: pods/run
B35: Avg input tokens per pod-path | C35: 800 | D35: tokens/pod
B36: Avg output tokens per pod-path | C36: 200 | D36: tokens/pod
B37: Model | C37: Claude Sonnet 5 | D37: Haiku 4.5 / Sonnet 5 / Opus 5 (see LLM Token Costs tab)
B38: Use Batch API? (Y/N) | C38: N | D38: Y = 50% off but async — fine if hourly reference summaries don't need to be instant.

Sheet Infra Costs
B1: INFRASTRUCTURE COSTS (monthly, per cluster modeled)
B3: Item | C3: Monthly $ | D3: How it's calculated
B4: K8s node compute (on-prem, amortized) | C4: =Inputs!C5*Inputs!C7*Inputs!C10*730 -> 1095 | D4: clusters modeled × nodes/cluster × $/hr-equivalent × 730 hrs/mo
B5: Self-managed control-plane / distro license | C5: =Inputs!C5*Inputs!C11*730 -> 0 | D5: clusters modeled × $/hr/cluster × 730 hrs/mo
B6: Bayla/Carey's + tooling license | C6: =Inputs!C16 -> 0 | D6: flat monthly license from Inputs
B7: Prometheus/exporter per-host agent cost | C7: =Inputs!C5*Inputs!C7*Inputs!C17 -> 0 | D7: total nodes modeled × $/host/month
B8: Topology graph engine compute (1-min refresh) | C8: =Inputs!C18 -> 600 | D8: flat monthly compute from Inputs, sized for your refresh interval
B10: TOTAL INFRASTRUCTURE (monthly) | C10: =SUM(C4:C8) -> 1695

Sheet Data Throughput Costs
B1: DATA THROUGHPUT COSTS (Mimir, monthly)
B3: Calculation | C3: Value | D3: Notes
B4: Mimir ingestion volume (monthly) | C4: =Inputs!C21*30 -> 1500 | D4: GB/day from Inputs × 30 days
B6: Cost item | C6: Monthly $ | D6: How it's calculated
B7: Mimir ingestion | C7: =C4*Inputs!C22 -> 0 | D7: monthly ingested GB × $/GB ingestion (0 if self-hosted)
B8: On-prem storage (at retention) | C8: =Inputs!C21*Inputs!C24*Inputs!C23 -> 45 | D8: daily volume × retention days × $/GB-month (avg stored footprint)
B9: Cross-AZ/region egress | C9: =Inputs!C25*30*Inputs!C26 -> 0 | D9: GB/day × 30 days × $/GB egress — $0 for single cluster/single region
B11: TOTAL DATA THROUGHPUT (monthly) | C11: =SUM(C7:C9) -> 45

Sheet LLM Token Costs
B1: CLAUDE REFERENCE-LAYER TOKEN COSTS (monthly)
B3: Claude is a separate, lower-frequency reference/annotation layer on top of the 1-min Bayla/Carey's graph model — NOT run every minute.
B4: Claude API pricing reference — verified platform.claude.com/docs/en/about-claude/pricing, 2026-09-10 (re-check before finalizing budget)
B5: Model | C5: Input $/MTok | D5: Output $/MTok | E5: Batch Input $/MTok | F5: Batch Output $/MTok
B6: Claude Haiku 4.5 | C6: 1 | D6: 5 | E6: 0.5 | F6: 2.5
B7: Claude Sonnet 5 | C7: 2 | D7: 10 | E7: 1 | F7: 5
B8: Claude Opus 5 | C8: 5 | D8: 25 | E8: 2.5 | F8: 12.5
B10: Note: model chosen on Inputs tab must match a name in this table exactly.
B12: Workload calculation | C12: Value
B13: Pod-path analyses per day | C13: =Inputs!C33*Inputs!C34 -> 960
B14: Pod-path analyses per month | C14: =C13*30 -> 28800
B15: Total input tokens / month | C15: =C14*Inputs!C35 -> 23040000
B16: Total output tokens / month | C16: =C14*Inputs!C36 -> 5760000
B18: Selected model (from Inputs) | C18: =Inputs!C37 -> Claude Sonnet 5
B19: Batch API? (from Inputs) | C19: =Inputs!C38 -> N
B20: Effective input price ($/MTok) | C20: =IF(C19="Y",INDEX(E6:E8,MATCH(C18,B6:B8,0)),INDEX(C6:C8,MATCH(C18,B6:B8,0))) -> 2
B21: Effective output price ($/MTok) | C21: =IF(C19="Y",INDEX(F6:F8,MATCH(C18,B6:B8,0)),INDEX(D6:D8,MATCH(C18,B6:B8,0))) -> 10
B23: Cost item | C23: Monthly $
B24: Input token cost | C24: =(C15/1000000)*C20 -> 46.08
B25: Output token cost | C25: =(C16/1000000)*C21 -> 57.6
B27: TOTAL LLM TOKEN COST (monthly) | C27: =C24+C25 -> 103.68
